"AirtableName","AirtableParent","Action","Confidence","ClosestSalesforceAccount","ItsParentInSalesforce","AlreadyMatchedTo","WhyThisCandidate","Note","BlocksOpportunities","BlocksPartnerAccounts","BlocksApplications","BlocksContacts","BlocksMeetings","TotalBlocked","MarketSegment","DecisionPleaseFillIn","AirtableRecordId"
"Department of Treasury","","Same name already taken","High","Department of Treasury","(none)","Department of Treasury","Same name, different punctuation or abbreviation","The Salesforce Account is already matched to the Airtable row 'Department of Treasury'. If that is the same organisation, merge these two Airtable rows. If this is a genuinely different office, it needs its own Salesforce Account.","5","1","0","22","47","75","Finance & Regulation","","rect95509iqngs2LI"
"Bureau of Consular Affairs","Department of State","Check the candidate","Possible","Consular Affairs","Under Secretary for Management","","80% of words in common - NOT confirmed, check before acting","A Salesforce Account has a similar name but this is a guess, not a match. Confirm it is the same body before doing anything; if not, treat as 'create or drop'.","2","1","5","5","1","14","Defense","","recGWTR7qF40UsPoY"
"Centers for Medicare and Medicaid Services","Department of Health and Human Services","Same name already taken","High","Centers for Medicare & Medicaid Services","Department of Health and Human Services","Centers for Medicare & Medicaid Services","Same name, different punctuation or abbreviation","The Salesforce Account is already matched to the Airtable row 'Centers for Medicare & Medicaid Services'. If that is the same organisation, merge these two Airtable rows. If this is a genuinely different office, it needs its own Salesforce Account.","2","0","0","0","3","5","Benefits","","recMBHcYi2o0dHlAx"
"United States Postal Service","","Same name already taken","High","U.S. Postal Service","(none)","U.S. Postal Service","Same name, different punctuation or abbreviation","The Salesforce Account is already matched to the Airtable row 'U.S. Postal Service'. If that is the same organisation, merge these two Airtable rows. If this is a genuinely different office, it needs its own Salesforce Account.","0","0","0","0","3","3","Infrastructure","","recEjoXoTTNICzoyF"
"Council of Inspectors General on Integrity and Efficiency","","Align the names","High","Council of the Inspectors General on Integrity and Efficiency","(none)","","Same name, different punctuation or abbreviation","Same organisation, spelled differently, and the Salesforce Account is unclaimed. Align the two names and it will match on the next run.","1","0","0","0","1","2","Finance & Regulation","","rec64zJHV14ujjf5o"
"Office of Public Affairs","Department of Justice","Check the candidate","Possible","Office of Public Affairs - DOE","Department of Energy","","86% of words in common - NOT confirmed, check before acting","A Salesforce Account has a similar name but this is a guess, not a match. Confirm it is the same body before doing anything; if not, treat as 'create or drop'.","2","0","0","0","0","2","Defense","","recD7ZWwPrge1YIKA"
"The Executive Office of the President","","Same name already taken","High","Executive Office of the President","(none)","Executive Office of the President","Same name, different punctuation or abbreviation","The Salesforce Account is already matched to the Airtable row 'Executive Office of the President'. If that is the same organisation, merge these two Airtable rows. If this is a genuinely different office, it needs its own Salesforce Account.","2","0","0","0","0","2","Infrastructure","","rec08GXIp2rdepQDz"
"United States Army Corps of Engineers","Army","Align the names","High","U.S. Army Corps of Engineers","Department of the Army","","Same name, different punctuation or abbreviation","Same organisation, spelled differently, and the Salesforce Account is unclaimed. Align the two names and it will match on the next run.","1","0","0","0","1","2","Defense","","rec40ebzztQhmUwcd"
"United States Citizenship and Immigration Services","Department of Homeland Security","Same name already taken","High","U.S. Citizenship And Immigration Services","Department of Homeland Security","U.S. Citizenship And Immigration Services","Same name, different punctuation or abbreviation","The Salesforce Account is already matched to the Airtable row 'U.S. Citizenship And Immigration Services'. If that is the same organisation, merge these two Airtable rows. If this is a genuinely different office, it needs its own Salesforce Account.","2","0","0","0","0","2","Defense","","rec6kZuuwdrGkMC28"
"United States Customs and Border Protection","Department of Homeland Security","Align the names","High","U.S. Customs And Border Protection","Department of Homeland Security","","Same name, different punctuation or abbreviation","Same organisation, spelled differently, and the Salesforce Account is unclaimed. Align the two names and it will match on the next run.","0","0","0","0","2","2","Defense","","recdu9AHlJdoyfb98"
"United States Secret Service","Department of Homeland Security","Align the names","High","U.S. Secret Service","Department of Homeland Security","","Same name, different punctuation or abbreviation","Same organisation, spelled differently, and the Salesforce Account is unclaimed. Align the two names and it will match on the next run.","1","0","0","0","1","2","Defense","","recfg3izSmJYEQBTk"
"American Samoa","State and Local Government","Check the candidate","Possible","Territory of American Samoa","(none)","","80% of words in common - NOT confirmed, check before acting","A Salesforce Account has a similar name but this is a guess, not a match. Confirm it is the same body before doing anything; if not, treat as 'create or drop'.","1","0","0","0","0","1","State & Local","","rec8yElT8TaydLZYz"
"Bureau of Budget and Planning","Department of State","Check the candidate","Possible","Budget and Planning - DOS","Under Secretary for Management","","75% of words in common - NOT confirmed, check before acting","A Salesforce Account has a similar name but this is a guess, not a match. Confirm it is the same body before doing anything; if not, treat as 'create or drop'.","1","0","0","0","0","1","Defense","","recEID4l5lFPf4PpG"
"Bureau of Conflict and Stabilization Operations","Department of State","Check the candidate","Possible","Conflict & Stabilization Operations","Under Secretary for Civilian Security, Democracy, and Human Rights","","89% of words in common - NOT confirmed, check before acting","A Salesforce Account has a similar name but this is a guess, not a match. Confirm it is the same body before doing anything; if not, treat as 'create or drop'.","1","0","0","0","0","1","Defense","","recDmj2KEg03BbiAo"
"Bureau of Diplomatic Security","Department of State","Check the candidate","Possible","Diplomatic Security","Under Secretary for Management","","80% of words in common - NOT confirmed, check before acting","A Salesforce Account has a similar name but this is a guess, not a match. Confirm it is the same body before doing anything; if not, treat as 'create or drop'.","1","0","0","0","0","1","Defense","","rec9O9ooRLkggIyC5"
"Bureau of Economic and Business Affairs","Department of State","Check the candidate","Possible","Economic & Business Affairs","Under Secretary for Economic Growth, Energy, and Environment","","89% of words in common - NOT confirmed, check before acting","A Salesforce Account has a similar name but this is a guess, not a match. Confirm it is the same body before doing anything; if not, treat as 'create or drop'.","1","0","0","0","0","1","Defense","","recqHR0cR8XENC4F8"
"Bureau of Energy Resources","Department of State","Check the candidate","Possible","Energy Resources","Under Secretary for Economic Growth, Energy, and Environment","","80% of words in common - NOT confirmed, check before acting","A Salesforce Account has a similar name but this is a guess, not a match. Confirm it is the same body before doing anything; if not, treat as 'create or drop'.","1","0","0","0","0","1","Defense","","recnadNs8JzrpPCHv"
"Bureau of Global Talent Management","Department of State","Create or drop","","","","","","No Salesforce Account resembles this name. Either an Account needs creating, or confirm this row can stay unmigrated.","1","0","0","0","0","1","Defense","","reca9eRg2LGY7Q58t"
"Bureau of Medical Services","Department of State","Check the candidate","Possible","Medical Services","Under Secretary for Management","","80% of words in common - NOT confirmed, check before acting","A Salesforce Account has a similar name but this is a guess, not a match. Confirm it is the same body before doing anything; if not, treat as 'create or drop'.","1","0","0","0","0","1","Defense","","recAnzlG39G4bANWu"
"Bureau of Oceans and International Environmental and Scientific Affairs","Department of State","Check the candidate","Possible","Oceans and Int l Environmental and Scientific Affairs","Under Secretary for Economic Growth, Energy, and Environment","","80% of words in common - NOT confirmed, check before acting","A Salesforce Account has a similar name but this is a guess, not a match. Confirm it is the same body before doing anything; if not, treat as 'create or drop'.","1","0","0","0","0","1","Defense","","recpFI779YVON05Qf"
"Bureau of Overseas Building Operations","Department of State","Create or drop","","","","","","No Salesforce Account resembles this name. Either an Account needs creating, or confirm this row can stay unmigrated.","1","0","0","0","0","1","Defense","","recfkbTRu97EXnqXk"
"Bureau of the Comptroller and Global Financial Services","Department of State","Check the candidate","Possible","Comptroller, Global Financial Services","Under Secretary for Management","","80% of words in common - NOT confirmed, check before acting","A Salesforce Account has a similar name but this is a guess, not a match. Confirm it is the same body before doing anything; if not, treat as 'create or drop'.","1","0","0","0","0","1","Defense","","recRGgRPD88p1UuJL"
"Conference of State Bank Supervisors","","Create or drop","","","","","","No Salesforce Account resembles this name. Either an Account needs creating, or confirm this row can stay unmigrated.","1","0","0","0","0","1","State & Local","","reccBNvFir3oYLN6J"
"Council of Economic Advisers","The Executive Office of the President","Check the candidate","Possible","National Economic Council","Executive Office of the President","","67% of words in common - NOT confirmed, check before acting","A Salesforce Account has a similar name but this is a guess, not a match. Confirm it is the same body before doing anything; if not, treat as 'create or drop'.","1","0","0","0","0","1","Finance & Regulation","","recv0E8EB0OwCifoI"
"DC Court Services and Offender Supervision Agency","","Check the candidate","Possible","Court Services And Offender Supervision Agency","(none)","Court Services And Offender Supervision Agency","100% of words in common - NOT confirmed, check before acting","A Salesforce Account has a similar name but this is a guess, not a match. Confirm it is the same body before doing anything; if not, treat as 'create or drop'. (That candidate is already matched to 'Court Services And Offender Supervision Agency'.)","1","0","0","0","0","1","Defense","","recED7NXwBdseQ4Ku"
"DC Pre-trial Services","","Create or drop","","","","","","No Salesforce Account resembles this name. Either an Account needs creating, or confirm this row can stay unmigrated.","1","0","0","0","0","1","Defense","","recxup2VSDjYvDvrF"
"Directorate for Technology","","Check the candidate","Possible","Directorate for Technology, Innovation, and Partnerships","National Science Foundation","Directorate for Technology, Innovation, and Partnerships","67% of words in common - NOT confirmed, check before acting","A Salesforce Account has a similar name but this is a guess, not a match. Confirm it is the same body before doing anything; if not, treat as 'create or drop'. (That candidate is already matched to 'Directorate for Technology, Innovation, and Partnerships'.)","1","0","0","0","0","1","Infrastructure","","rectdEqyUpHzPAzbt"
"Federal Judiciary","","Create or drop","","","","","","No Salesforce Account resembles this name. Either an Account needs creating, or confirm this row can stay unmigrated.","1","0","0","0","0","1","Defense","","recnoPZtrYyBpRn1K"
"Guam","State and Local Government","Check the candidate","Possible","Territory of Guam","(none)","","67% of words in common - NOT confirmed, check before acting","A Salesforce Account has a similar name but this is a guess, not a match. Confirm it is the same body before doing anything; if not, treat as 'create or drop'.","1","0","0","0","0","1","State & Local","","recWFxnWcrI0Allbx"
"Harry S Truman Scholarship Foundation","","Align the names","High","Harry S. Truman Scholarship Foundation","(none)","","Same name, different punctuation or abbreviation","Same organisation, spelled differently, and the Salesforce Account is unclaimed. Align the two names and it will match on the next run.","1","0","0","0","0","1","Benefits","","reck1KjwIQmIx8BDb"
"Healthcare and Insurance","Office of Personnel Management","Align the names","High","Healthcare & Insurance","Office of Personnel Management","","Same name, different punctuation or abbreviation","Same organisation, spelled differently, and the Salesforce Account is unclaimed. Align the two names and it will match on the next run.","0","0","0","0","1","1","Finance & Regulation","","recHGCpIiaXmy6u56"
"Japan-United States Friendship Commission","","Align the names","High","Japan-U.S. Friendship Commission","(none)","","Same name, different punctuation or abbreviation","Same organisation, spelled differently, and the Salesforce Account is unclaimed. Align the two names and it will match on the next run.","1","0","0","0","0","1","Defense","","recY9672fi4uPNjt8"
"John F. Kennedy Center for the Performing Arts","","Check the candidate","Possible","J. F. Kennedy Center For The Performing Arts","(none)","","91% of words in common - NOT confirmed, check before acting","A Salesforce Account has a similar name but this is a guess, not a match. Confirm it is the same body before doing anything; if not, treat as 'create or drop'.","1","0","0","0","0","1","Infrastructure","","rec9C3kE1erCm4aZW"
"Northern Mariana Islands","State and Local Government","Check the candidate","Possible","Territory of Northern Mariana Islands","(none)","","86% of words in common - NOT confirmed, check before acting","A Salesforce Account has a similar name but this is a guess, not a match. Confirm it is the same body before doing anything; if not, treat as 'create or drop'.","1","0","0","0","0","1","State & Local","","recxWFflseXi8s72s"
"Office of Foreign Assistance","Department of State","Check the candidate","Possible","Office of U.S. Foreign Assistance","Deputy Secretary of State (D-MR)","","75% of words in common - NOT confirmed, check before acting","A Salesforce Account has a similar name but this is a guess, not a match. Confirm it is the same body before doing anything; if not, treat as 'create or drop'.","1","0","0","0","0","1","Defense","","recoG5OqixAi1LXTu"
"Office of the Undersecretary for Political Affairs","Department of State","Check the candidate","Possible","Office of the Undersecretary for Management","Department of State","Office of the Undersecretary for Management","67% of words in common - NOT confirmed, check before acting","A Salesforce Account has a similar name but this is a guess, not a match. Confirm it is the same body before doing anything; if not, treat as 'create or drop'. (That candidate is already matched to 'Office of the Undersecretary for Management'.)","1","0","0","0","0","1","Defense","","recljbZfwsRVDBTmx"
"Office of the Undersecretary for Public Diplomacy and Public Affairs","Department of State","Check the candidate","Possible","Office of Public and Intergovernmental Affairs","Department of Veterans Affairs","","77% of words in common - NOT confirmed, check before acting","A Salesforce Account has a similar name but this is a guess, not a match. Confirm it is the same body before doing anything; if not, treat as 'create or drop'.","1","0","0","0","0","1","Defense","","recberEJtFW8eouIE"
"Puerto Rico","State and Local Government","Check the candidate","Possible","Territory of Puerto Rico","(none)","Territory of Puerto Rico","80% of words in common - NOT confirmed, check before acting","A Salesforce Account has a similar name but this is a guess, not a match. Confirm it is the same body before doing anything; if not, treat as 'create or drop'. (That candidate is already matched to 'Territory of Puerto Rico'.)","1","0","0","0","0","1","State & Local","","recgIk3lWmbKnduTT"
"Recreation.gov","","Create or drop","","","","","","No Salesforce Account resembles this name. Either an Account needs creating, or confirm this row can stay unmigrated.","0","0","0","0","1","1","Infrastructure","","recJNjbx5qAEvH1F4"
"Special Courts: United States Court of Appeals for the Armed Forces","Federal Judiciary","Check the candidate","Possible","U.S. Court of Appeals for the Armed Forces","U.S. Supreme Court","","88% of words in common - NOT confirmed, check before acting","A Salesforce Account has a similar name but this is a guess, not a match. Confirm it is the same body before doing anything; if not, treat as 'create or drop'.","1","0","0","0","0","1","Defense","","recxnbbLXFFqQrfGo"
"Special Courts: United States Court of Appeals for Veterans Claims","Federal Judiciary","Check the candidate","Possible","U.S. Court of Appeals for Veterans Claims","U.S. Court of Appeals for the Federal Circuit","","88% of words in common - NOT confirmed, check before acting","A Salesforce Account has a similar name but this is a guess, not a match. Confirm it is the same body before doing anything; if not, treat as 'create or drop'.","1","0","0","0","0","1","Defense","","rec9RiNfxnmMdpFRv"
"Special Courts: United States Court of Federal Claims","Federal Judiciary","Check the candidate","Possible","U.S. Court of Federal Claims","U.S. Court of Appeals for the Federal Circuit","","83% of words in common - NOT confirmed, check before acting","A Salesforce Account has a similar name but this is a guess, not a match. Confirm it is the same body before doing anything; if not, treat as 'create or drop'.","1","0","0","0","0","1","Defense","","recjrEB4y7oFYBM20"
"Special Courts: United States Tax Court","Federal Judiciary","Check the candidate","Possible","U.S. Tax Court | US Tax Court","(none) | U.S. Supreme Court","U.S. Tax Court | US Tax Court","80% of words in common - NOT confirmed, check before acting","A Salesforce Account has a similar name but this is a guess, not a match. Confirm it is the same body before doing anything; if not, treat as 'create or drop'. (That candidate is already matched to 'U.S. Tax Court | US Tax Court'.)","1","0","0","0","0","1","Finance & Regulation","","rec3f05eVwFfswnOq"
"The Supreme Court of the United States","Federal Judiciary","Check the candidate","Possible","U.S. Supreme Court","(none)","U.S. Supreme Court","100% of words in common - NOT confirmed, check before acting","A Salesforce Account has a similar name but this is a guess, not a match. Confirm it is the same body before doing anything; if not, treat as 'create or drop'. (That candidate is already matched to 'U.S. Supreme Court'.)","1","0","0","0","0","1","Defense","","rec2zHGPBiRvXlDtX"
"U.S. Commission on Civil Rights","","Check the candidate","Possible","Commission On Civil Rights","(none)","","75% of words in common - NOT confirmed, check before acting","A Salesforce Account has a similar name but this is a guess, not a match. Confirm it is the same body before doing anything; if not, treat as 'create or drop'.","1","0","0","0","0","1","Defense","","recDor4mmP1bn99Mz"
"U.S. Digital Service","","Check the candidate","Possible","U.S. Marshals Service","Department of Justice","U.S. Marshals Service","75% of words in common - NOT confirmed, check before acting","A Salesforce Account has a similar name but this is a guess, not a match. Confirm it is the same body before doing anything; if not, treat as 'create or drop'. (That candidate is already matched to 'U.S. Marshals Service'.)","1","0","0","0","0","1","Infrastructure","","recctE33YubXIKT3F"
"U.S. Interagency Council on Homelessness","","Check the candidate","Possible","Interagency Council on Homelessness","(none)","","75% of words in common - NOT confirmed, check before acting","A Salesforce Account has a similar name but this is a guess, not a match. Confirm it is the same body before doing anything; if not, treat as 'create or drop'.","1","0","0","0","0","1","Infrastructure","","recOMB2b8Z2Tp05Ch"
"U.S. Marine Corps","Department of Defense","Same name already taken","High","United States Marine Corps","Department of the Navy","United States Marine Corps","Same name, different punctuation or abbreviation","The Salesforce Account is already matched to the Airtable row 'United States Marine Corps'. If that is the same organisation, merge these two Airtable rows. If this is a genuinely different office, it needs its own Salesforce Account.","1","0","0","0","0","1","Defense","","recQdCcnlYiUtLmZ4"
"U.S. Patent and Trademark Office","Department of Commerce","Align the names","High","United States Patent And Trademark Office","Department of Commerce","","Same name, different punctuation or abbreviation","Same organisation, spelled differently, and the Salesforce Account is unclaimed. Align the two names and it will match on the next run.","1","0","0","0","0","1","Infrastructure","","recnNI6qCTSrC05jH"
"Udall Foundation","","Create or drop","","","","","","No Salesforce Account resembles this name. Either an Account needs creating, or confirm this row can stay unmigrated.","1","0","0","0","0","1","Benefits","","recA0RxfQZXblmfkA"
"United States African Development Foundation","","Align the names","High","U.S. African Development Foundation","(none)","","Same name, different punctuation or abbreviation","Same organisation, spelled differently, and the Salesforce Account is unclaimed. Align the two names and it will match on the next run.","1","0","0","0","0","1","Defense","","recvuRSnQ6Yisr15S"
"United States Arctic Research Commission","","Align the names","High","U.S. Arctic Research Commission","(none)","","Same name, different punctuation or abbreviation","Same organisation, spelled differently, and the Salesforce Account is unclaimed. Align the two names and it will match on the next run.","1","0","0","0","0","1","Infrastructure","","recTkDL49RwvuvGtA"
"United States Botanic Garden","Legislative Branch","Align the names","High","U.S. Botanic Garden","Architect of the Capitol","","Same name, different punctuation or abbreviation","Same organisation, spelled differently, and the Salesforce Account is unclaimed. Align the two names and it will match on the next run.","1","0","0","0","0","1","Infrastructure","","recTm3zvM6PXJueZ8"
"United States Coast Guard","Department of Homeland Security","Align the names","High","U.S. Coast Guard","Department of Homeland Security","","Same name, different punctuation or abbreviation","Same organisation, spelled differently, and the Salesforce Account is unclaimed. Align the two names and it will match on the next run.","0","0","0","0","1","1","Defense","","recGSAzat8JVje4JN"
"United States Courts of Appeals","Federal Judiciary","Check the candidate","Possible","Lower Courts: United States Courts of Appeals","Judicial Conference of the United States","Lower Courts: United States Courts of Appeals","80% of words in common - NOT confirmed, check before acting","A Salesforce Account has a similar name but this is a guess, not a match. Confirm it is the same body before doing anything; if not, treat as 'create or drop'. (That candidate is already matched to 'Lower Courts: United States Courts of Appeals'.)","1","0","0","0","0","1","Defense","","recT1rulu03P2p0qc"
"United States Holocaust Memorial Museum","","Align the names","High","U.S. Holocaust Memorial Museum","(none)","","Same name, different punctuation or abbreviation","Same organisation, spelled differently, and the Salesforce Account is unclaimed. Align the two names and it will match on the next run.","1","0","0","0","0","1","Infrastructure","","recNn1ODT01vJXUre"
"United States Immigration and Customs Enforcement","Department of Homeland Security","Align the names","High","U.S. Immigration And Customs Enforcement","Department of Homeland Security","","Same name, different punctuation or abbreviation","Same organisation, spelled differently, and the Salesforce Account is unclaimed. Align the two names and it will match on the next run.","1","0","0","0","0","1","Defense","","recS4S6BYVx5a9Jbw"
"United States Virgin Islands","State and Local Government","Create or drop","","","","","","No Salesforce Account resembles this name. Either an Account needs creating, or confirm this row can stay unmigrated.","1","0","0","0","0","1","State & Local","","reccouuBTMQSBuZqz"
"Amtrak","","Create or drop","","","","","","No Salesforce Account resembles this name. Either an Account needs creating, or confirm this row can stay unmigrated.","0","0","0","0","0","0","Infrastructure","","recZk2Mvn4TtpYk0d"
"Barry Goldwater Scholarship and Excellence in Education Program","","Check the candidate","Possible","Barry M. Goldwater Scholarship and Excellence in Education Program","(none)","","100% of words in common - NOT confirmed, check before acting","A Salesforce Account has a similar name but this is a guess, not a match. Confirm it is the same body before doing anything; if not, treat as 'create or drop'.","0","0","0","0","0","0","Benefits","","rec6WAhFYktr4pCIJ"
"Bureau of African Affairs","Department of State","Check the candidate","Possible","African Affairs","Under Secretary for Political Affairs","","80% of words in common - NOT confirmed, check before acting","A Salesforce Account has a similar name but this is a guess, not a match. Confirm it is the same body before doing anything; if not, treat as 'create or drop'.","0","0","0","0","0","0","Defense","","recvzQL1kpSd53hMH"
"Bureau of Alcohol, Tobacco, Firearms and Explosives","Department of Justice","Align the names","High","Bureau of Alcohol, Tobacco, Firearms, and Explosives","Department of Justice","","Same name, different punctuation or abbreviation","Same organisation, spelled differently, and the Salesforce Account is unclaimed. Align the two names and it will match on the next run.","0","0","0","0","0","0","Defense","","rec9wXxJ37v9tLJCe"
"Bureau of Arms Control, Verification, and Compliance","Department of State","Create or drop","","","","","","No Salesforce Account resembles this name. Either an Account needs creating, or confirm this row can stay unmigrated.","0","0","0","0","0","0","Defense","","recBW1sr9ScHJXcpk"
"Bureau of Democracy, Human Rights and Labor","Department of State","Check the candidate","Possible","Democracy, Human Rights, and Labor","Under Secretary for Civilian Security, Democracy, and Human Rights","","91% of words in common - NOT confirmed, check before acting","A Salesforce Account has a similar name but this is a guess, not a match. Confirm it is the same body before doing anything; if not, treat as 'create or drop'.","0","0","0","0","0","0","Defense","","reczhWe9CYPGS99g7"
"Bureau of East Asian and Pacific Affairs","Department of State","Check the candidate","Possible","East Asian and Pacific Affairs","Under Secretary for Political Affairs","","91% of words in common - NOT confirmed, check before acting","A Salesforce Account has a similar name but this is a guess, not a match. Confirm it is the same body before doing anything; if not, treat as 'create or drop'.","0","0","0","0","0","0","Defense","","recft7st0B5e3cxKP"
"Bureau of Education and Cultural Affairs","Department of State","Check the candidate","Possible","Educational and Cultural Affairs","Under Secretary for Arms Control and International Security","","67% of words in common - NOT confirmed, check before acting","A Salesforce Account has a similar name but this is a guess, not a match. Confirm it is the same body before doing anything; if not, treat as 'create or drop'.","0","0","0","0","0","0","Defense","","recAHDUrsyqQHUiiH"
"Bureau of European and Eurasian Affairs","Department of State","Check the candidate","Possible","European and Eurasian Affairs","Under Secretary for Political Affairs","","89% of words in common - NOT confirmed, check before acting","A Salesforce Account has a similar name but this is a guess, not a match. Confirm it is the same body before doing anything; if not, treat as 'create or drop'.","0","0","0","0","0","0","Defense","","recAdEhlF9kkKU4mW"
"Bureau of International Narcotics and Law Enforcement","Department of State","Check the candidate","Possible","International Narcotics and Law Enforcement","Under Secretary for Civilian Security, Democracy, and Human Rights","","91% of words in common - NOT confirmed, check before acting","A Salesforce Account has a similar name but this is a guess, not a match. Confirm it is the same body before doing anything; if not, treat as 'create or drop'.","0","0","0","0","0","0","Defense","","recGJJzKvXL2qt5YS"
"Bureau of Legislative Affairs","Department of State","Check the candidate","Possible","Legislative Affairs","Department of State","","80% of words in common - NOT confirmed, check before acting","A Salesforce Account has a similar name but this is a guess, not a match. Confirm it is the same body before doing anything; if not, treat as 'create or drop'.","0","0","0","0","0","0","Defense","","recYxDEx46zdjqPhc"
"Bureau of Near Eastern Affairs","Department of State","Check the candidate","Possible","Near Eastern Affairs","Under Secretary for Political Affairs","","86% of words in common - NOT confirmed, check before acting","A Salesforce Account has a similar name but this is a guess, not a match. Confirm it is the same body before doing anything; if not, treat as 'create or drop'.","0","0","0","0","0","0","Defense","","recxhITizkJG2bT51"
"Bureau of Political and Military Affairs","Department of State","Check the candidate","Possible","Political-Military Affairs","Under Secretary for Arms Control and International Security","","75% of words in common - NOT confirmed, check before acting","A Salesforce Account has a similar name but this is a guess, not a match. Confirm it is the same body before doing anything; if not, treat as 'create or drop'.","0","0","0","0","0","0","Defense","","recSlXzs6NRZWwLIu"
"Bureau of Population, Refugees and Migration","Department of State","Check the candidate","Possible","Population, Refugees, and Migration","Under Secretary for Civilian Security, Democracy, and Human Rights","","89% of words in common - NOT confirmed, check before acting","A Salesforce Account has a similar name but this is a guess, not a match. Confirm it is the same body before doing anything; if not, treat as 'create or drop'.","0","0","0","0","0","0","Defense","","reczskSIzVGhu7sko"
"Bureau of South and Central Asian Affairs","Department of State","Check the candidate","Possible","South and Central Asian Affairs","Under Secretary for Political Affairs","","91% of words in common - NOT confirmed, check before acting","A Salesforce Account has a similar name but this is a guess, not a match. Confirm it is the same body before doing anything; if not, treat as 'create or drop'.","0","0","0","0","0","0","Defense","","recylrBm3aqVliiyj"
"Bureau of Western Hemisphere Affairs","Department of State","Check the candidate","Possible","Western Hemisphere Affairs","Under Secretary for Political Affairs","","86% of words in common - NOT confirmed, check before acting","A Salesforce Account has a similar name but this is a guess, not a match. Confirm it is the same body before doing anything; if not, treat as 'create or drop'.","0","0","0","0","0","0","Defense","","recP5Sk05dMB5EXoS"
"Central Office and Presidential Libraries","National Archives and Records Administration","Check the candidate","Possible","Office of Presidential Libraries","Office of the Chief Operating Officer - NARA","","75% of words in common - NOT confirmed, check before acting","A Salesforce Account has a similar name but this is a guess, not a match. Confirm it is the same body before doing anything; if not, treat as 'create or drop'.","0","0","0","0","0","0","Infrastructure","","recbmYc1uQG5uQ0Uv"
"Chief Digital and Artificial Intelligence Office (CDAO)","Department of Defense","Check the candidate","Possible","Chief Digital and Artificial Intelligence Office","Department of Defense","Chief Digital and Artificial Intelligence Office","92% of words in common - NOT confirmed, check before acting","A Salesforce Account has a similar name but this is a guess, not a match. Confirm it is the same body before doing anything; if not, treat as 'create or drop'. (That candidate is already matched to 'Chief Digital and Artificial Intelligence Office'.)","0","0","0","0","0","0","Defense","","rec802WasnesQnDG5"
"Congressional, Legislative & Intergovernmental Affairs","Office of Personnel Management","Align the names","High","Congressional, Legislative, and Intergovernmental Affairs","Office of Personnel Management","","Same name, different punctuation or abbreviation","Same organisation, spelled differently, and the Salesforce Account is unclaimed. Align the two names and it will match on the next run.","0","0","0","0","0","0","Finance & Regulation","","reczL70MF28Q03bj4"
"Customs and Border Protection","","Check the candidate","Possible","U.S. Customs And Border Protection","Department of Homeland Security","","80% of words in common - NOT confirmed, check before acting","A Salesforce Account has a similar name but this is a guess, not a match. Confirm it is the same body before doing anything; if not, treat as 'create or drop'.","0","0","0","0","0","0","Defense","","recVBrSLlbSF4uxkY"
"DEEOIC","","Create or drop","","","","","","No Salesforce Account resembles this name. Either an Account needs creating, or confirm this row can stay unmigrated.","0","0","0","0","0","0","Benefits","","recqWuCPX1ZBQc2Je"
"Democracy","","Create or drop","","","","","","No Salesforce Account resembles this name. Either an Account needs creating, or confirm this row can stay unmigrated.","0","0","0","0","0","0","Defense","","rece56LzWEcmeFZpG"
"Deputy Commissioner for Analytics","","Check the candidate","Possible","Deputy Commissioner for Systems","Social Security Administration","Deputy Commissioner for Systems","75% of words in common - NOT confirmed, check before acting","A Salesforce Account has a similar name but this is a guess, not a match. Confirm it is the same body before doing anything; if not, treat as 'create or drop'. (That candidate is already matched to 'Deputy Commissioner for Systems'.)","0","0","0","0","0","0","Benefits","","recDf54IPTyBsldIm"
"Deputy Commissioner for Analytics, Review, and Oversight","Social Security Administration","Check the candidate","Possible","Analytics, Review, and Oversight","Social Security Administration","","73% of words in common - NOT confirmed, check before acting","A Salesforce Account has a similar name but this is a guess, not a match. Confirm it is the same body before doing anything; if not, treat as 'create or drop'.","0","0","0","0","0","0","Benefits","","recwo5asa8vrbHmEt"
"Deputy Commissioner for Budget, Finance, and Management","Social Security Administration","Check the candidate","Possible","Budget, Finance, and Management","Social Security Administration","","73% of words in common - NOT confirmed, check before acting","A Salesforce Account has a similar name but this is a guess, not a match. Confirm it is the same body before doing anything; if not, treat as 'create or drop'.","0","0","0","0","0","0","Benefits","","recXie0rgym6591Dk"
"Deputy Commissioner for Communications","Social Security Administration","Check the candidate","Possible","Deputy Commissioner for Systems","Social Security Administration","Deputy Commissioner for Systems","75% of words in common - NOT confirmed, check before acting","A Salesforce Account has a similar name but this is a guess, not a match. Confirm it is the same body before doing anything; if not, treat as 'create or drop'. (That candidate is already matched to 'Deputy Commissioner for Systems'.)","0","0","0","0","0","0","Benefits","","reczmBLXqEY0XOiiy"
"Deputy Commissioner for Hearings Operations","Social Security Administration","Check the candidate","Possible","Deputy Commissioner for Operations","Social Security Administration","Deputy Commissioner for Operations","89% of words in common - NOT confirmed, check before acting","A Salesforce Account has a similar name but this is a guess, not a match. Confirm it is the same body before doing anything; if not, treat as 'create or drop'. (That candidate is already matched to 'Deputy Commissioner for Operations'.)","0","0","0","0","0","0","Benefits","","recZC9gVe1flfEuS6"
"Deputy Commissioner for Human Resources","Social Security Administration","Check the candidate","Possible","Deputy Commissioner for Systems","Social Security Administration","Deputy Commissioner for Systems","67% of words in common - NOT confirmed, check before acting","A Salesforce Account has a similar name but this is a guess, not a match. Confirm it is the same body before doing anything; if not, treat as 'create or drop'. (That candidate is already matched to 'Deputy Commissioner for Systems'.)","0","0","0","0","0","0","Benefits","","recgzAQMFFjzjZccu"
"Director of National Intelligence","","Check the candidate","Possible","Office of the Director of National Intelligence","(none)","Office of the Director of National Intelligence","86% of words in common - NOT confirmed, check before acting","A Salesforce Account has a similar name but this is a guess, not a match. Confirm it is the same body before doing anything; if not, treat as 'create or drop'. (That candidate is already matched to 'Office of the Director of National Intelligence'.)","0","0","0","0","0","0","Defense","","recgNHuBBrwKemvvh"
"Director of Net Assessment","Department of Defense","Check the candidate","Possible","Office of Net Assessment","Department of Defense","","67% of words in common - NOT confirmed, check before acting","A Salesforce Account has a similar name but this is a guess, not a match. Confirm it is the same body before doing anything; if not, treat as 'create or drop'.","0","0","0","0","0","0","Defense","","recmPxb3rYusGDAxk"
"Directorate for Engineering","National Science Foundation","Check the candidate","Possible","Directorate of Engineering","National Science Foundation","","80% of words in common - NOT confirmed, check before acting","A Salesforce Account has a similar name but this is a guess, not a match. Confirm it is the same body before doing anything; if not, treat as 'create or drop'.","0","0","0","0","0","0","Infrastructure","","recI5YWyskcjT0B7V"
"Education and Economics","","Check the candidate","Possible","Research, Education, and Economics","U.S. Department of Agriculture","Research, Education, and Economics","86% of words in common - NOT confirmed, check before acting","A Salesforce Account has a similar name but this is a guess, not a match. Confirm it is the same body before doing anything; if not, treat as 'create or drop'. (That candidate is already matched to 'Research, Education, and Economics'.)","0","0","0","0","0","0","Infrastructure","","recwHGeFUBKMUywIR"
"Executive Director for Operations","Nuclear Regulatory Commission","Check the candidate","Possible","Office of the Executive Director for Operations","Nuclear Regulatory Commission","","89% of words in common - NOT confirmed, check before acting","A Salesforce Account has a similar name but this is a guess, not a match. Confirm it is the same body before doing anything; if not, treat as 'create or drop'.","0","0","0","0","0","0","Infrastructure","","recFbNcFJpM1xxwe8"
"Federal Employment Services","","Create or drop","","","","","","No Salesforce Account resembles this name. Either an Account needs creating, or confirm this row can stay unmigrated.","0","0","0","0","0","0","Finance & Regulation","","recW99Eb9o0TJqNOC"
"Federal Housing Administration","","Check the candidate","Possible","Federal Aviation Administration","Department of Transportation","Federal Aviation Administration","67% of words in common - NOT confirmed, check before acting","A Salesforce Account has a similar name but this is a guess, not a match. Confirm it is the same body before doing anything; if not, treat as 'create or drop'. (That candidate is already matched to 'Federal Aviation Administration'.)","0","0","0","0","0","0","Infrastructure","","rec2Z5Hf216BUQy5Q"
"Federal Permitting Improvement Steering Council (FPISC)","General Services Administration","Check the candidate","Possible","Federal Permitting Improvement Steering Council","(none)","","91% of words in common - NOT confirmed, check before acting","A Salesforce Account has a similar name but this is a guess, not a match. Confirm it is the same body before doing anything; if not, treat as 'create or drop'.","0","0","0","0","0","0","Infrastructure","","rechVZ5orwXdyYR8F"
"Field Operations","","Check the candidate","Possible","Office of Field Operations","Small Business Administration","Office of Field Operations","80% of words in common - NOT confirmed, check before acting","A Salesforce Account has a similar name but this is a guess, not a match. Confirm it is the same body before doing anything; if not, treat as 'create or drop'. (That candidate is already matched to 'Office of Field Operations'.)","0","0","0","0","0","0","Defense","","recx5eqEsgg9MzbcH"
"Fish and Wildlife Service","Department of the Interior","Check the candidate","Possible","U.S. Fish and Wildlife Service","Department of Interior","","80% of words in common - NOT confirmed, check before acting","A Salesforce Account has a similar name but this is a guess, not a match. Confirm it is the same body before doing anything; if not, treat as 'create or drop'.","0","0","0","0","0","0","Infrastructure","","recWRFYhjqhsOYRqw"
"Food, Nutrition, and Consumer Services","Department of Agriculture","Check the candidate","Possible","Under Secretary for Food, Nutrition and Consumer Services","U.S. Department of Agriculture","","77% of words in common - NOT confirmed, check before acting","A Salesforce Account has a similar name but this is a guess, not a match. Confirm it is the same body before doing anything; if not, treat as 'create or drop'.","0","0","0","0","0","0","Infrastructure","","recfvstWGhuC0xNIM"
"General Counsel of the Department of Defense","Department of Defense","Check the candidate","Possible","Department of Defense","(none)","Department of Defense","67% of words in common - NOT confirmed, check before acting","A Salesforce Account has a similar name but this is a guess, not a match. Confirm it is the same body before doing anything; if not, treat as 'create or drop'. (That candidate is already matched to 'Department of Defense'.)","0","0","0","0","0","0","Defense","","reckU23N3Y0ZV6vd5"
"GSA Board of Contract Appeals","General Services Administration","Check the candidate","Possible","Civilian Board of Contract Appeals","General Services Administration","","75% of words in common - NOT confirmed, check before acting","A Salesforce Account has a similar name but this is a guess, not a match. Confirm it is the same body before doing anything; if not, treat as 'create or drop'.","0","0","0","0","0","0","Infrastructure","","recSSLHVoaYbEOEeX"
"Headquarters, U.S. Marine Corps","Navy","Check the candidate","Possible","United States Marine Corps","Department of the Navy","United States Marine Corps","89% of words in common - NOT confirmed, check before acting","A Salesforce Account has a similar name but this is a guess, not a match. Confirm it is the same body before doing anything; if not, treat as 'create or drop'. (That candidate is already matched to 'United States Marine Corps'.)","0","0","0","0","0","0","Defense","","recXtjhELpE3G3JSk"
"Human Resources","Office of Personnel Management","Check the candidate","Possible","Human Resources - SSA","Social Security Administration","","80% of words in common - NOT confirmed, check before acting","A Salesforce Account has a similar name but this is a guess, not a match. Confirm it is the same body before doing anything; if not, treat as 'create or drop'.","0","0","0","0","0","0","Finance & Regulation","","recECxpu8S4uPSf2u"
"Institute of Peace","","Check the candidate","Possible","U.S. Institute Of Peace","(none)","","67% of words in common - NOT confirmed, check before acting","A Salesforce Account has a similar name but this is a guess, not a match. Confirm it is the same body before doing anything; if not, treat as 'create or drop'.","0","0","0","0","0","0","Defense","","recZoJNCTpKoWyHwm"
"International Boundary Commission:  United States and Canada","","Align the names","High","International Boundary Commission: United States and Canada","(none)","","Same name, different punctuation or abbreviation","Same organisation, spelled differently, and the Salesforce Account is unclaimed. Align the two names and it will match on the next run.","0","0","0","0","0","0","Defense","","recznKc1nW9zXz7pA"
"International Joint Commission:  United States and Canada","","Align the names","High","International Joint Commission: United States and Canada","(none)","","Same name, different punctuation or abbreviation","Same organisation, spelled differently, and the Salesforce Account is unclaimed. Align the two names and it will match on the next run.","0","0","0","0","0","0","Defense","","reccdaeK1Wh5vbCPw"
"Interpol - Washington","Department of Justice","Align the names","High","INTERPOL Washington","Department of Justice","","Same name, different punctuation or abbreviation","Same organisation, spelled differently, and the Salesforce Account is unclaimed. Align the two names and it will match on the next run.","0","0","0","0","0","0","Defense","","recaJlS94U1ET1Rrl"
"Legislative Branch","","Create or drop","","","","","","No Salesforce Account resembles this name. Either an Account needs creating, or confirm this row can stay unmigrated.","0","0","0","0","0","0","Defense","","recwDub3m8XZLpMLC"
"login.gov","","Check the candidate","Possible","Login.gov Division","Technology Transformation Services","","80% of words in common - NOT confirmed, check before acting","A Salesforce Account has a similar name but this is a guess, not a match. Confirm it is the same body before doing anything; if not, treat as 'create or drop'.","0","0","0","0","0","0","Infrastructure","","recmEIS0hurOnrwyK"
"Medicaid & CHIP Payment & Access Commission","Legislative Branch","Align the names","High","Medicaid and CHIP Payment and Access Commission","U.S. Congress","","Same name, different punctuation or abbreviation","Same organisation, spelled differently, and the Salesforce Account is unclaimed. Align the two names and it will match on the next run.","0","0","0","0","0","0","Benefits","","recvhpsGYTbqLvR1W"
"National Institute of Allergy and Infectious Diseases (NIAID)","National Institutes of Health","Check the candidate","Possible","National Institute of Allergy and Infectious Diseases","National Institutes of Health","","92% of words in common - NOT confirmed, check before acting","A Salesforce Account has a similar name but this is a guess, not a match. Confirm it is the same body before doing anything; if not, treat as 'create or drop'.","0","0","0","0","0","0","Benefits","","recGCF8XQSi1Guqig"
"Natural Resources and Environment","Department of Agriculture","Check the candidate","Possible","Environment and Natural Resources Division","Department of Justice","Environment and Natural Resources Division","89% of words in common - NOT confirmed, check before acting","A Salesforce Account has a similar name but this is a guess, not a match. Confirm it is the same body before doing anything; if not, treat as 'create or drop'. (That candidate is already matched to 'Environment and Natural Resources Division'.)","0","0","0","0","0","0","Infrastructure","","recOTuuxYnWwBq9Fs"
"Nutrition and Consumer Services","","Check the candidate","Possible","Under Secretary for Food, Nutrition and Consumer Services","U.S. Department of Agriculture","","67% of words in common - NOT confirmed, check before acting","A Salesforce Account has a similar name but this is a guess, not a match. Confirm it is the same body before doing anything; if not, treat as 'create or drop'.","0","0","0","0","0","0","Infrastructure","","recPcNeMQLDZZ3ee1"
"Occupational Safety & Health Administration","","Same name already taken","High","Occupational Safety and Health Administration","Department of Labor","Occupational Safety and Health Administration","Same name, different punctuation or abbreviation","The Salesforce Account is already matched to the Airtable row 'Occupational Safety and Health Administration'. If that is the same organisation, merge these two Airtable rows. If this is a genuinely different office, it needs its own Salesforce Account.","0","0","0","0","0","0","Benefits","","recjbnDe79QKW8Sgq"
"Office for Civil Rights","Department of Education","Check the candidate","Possible","Office for Civil Rights - ED","Office of the Secretary - ED","","100% of words in common - NOT confirmed, check before acting","A Salesforce Account has a similar name but this is a guess, not a match. Confirm it is the same body before doing anything; if not, treat as 'create or drop'.","0","0","0","0","0","0","Benefits","","recBA7zoxeFNKve4Z"
"Office of Apprenticeship","","Create or drop","","","","","","No Salesforce Account resembles this name. Either an Account needs creating, or confirm this row can stay unmigrated.","0","0","0","0","0","0","Infrastructure","","recdcul6XJXdgSvD8"
"Office of Civil Rights","General Services Administration","Check the candidate","Possible","Office of Civil Rights - DOT","Department of Transportation","","86% of words in common - NOT confirmed, check before acting","A Salesforce Account has a similar name but this is a guess, not a match. Confirm it is the same body before doing anything; if not, treat as 'create or drop'.","0","0","0","0","0","0","Infrastructure","","recUjIjnmRk2ZyPmz"
"Office of Civil Rights and Equal Opportunity","Social Security Administration","Check the candidate","Possible","Civil Rights and Equal Opportunity","Social Security Administration","","91% of words in common - NOT confirmed, check before acting","A Salesforce Account has a similar name but this is a guess, not a match. Confirm it is the same body before doing anything; if not, treat as 'create or drop'.","0","0","0","0","0","0","Benefits","","recUHq56WOXk12zTg"
"Office of Community Oriented Policing Services","Department of Justice","Check the candidate","Possible","Community Oriented Policing Services","Department of Justice","","89% of words in common - NOT confirmed, check before acting","A Salesforce Account has a similar name but this is a guess, not a match. Confirm it is the same body before doing anything; if not, treat as 'create or drop'.","0","0","0","0","0","0","Defense","","recAIe4pFrBo8eZlc"
"Office of Diversity, Equity, Inclusion & Accessibility","Office of Personnel Management","Check the candidate","Possible","Office of Diversity, Equity, Inclusion, and Accessibility - USDT","Department of Treasury","","92% of words in common - NOT confirmed, check before acting","A Salesforce Account has a similar name but this is a guess, not a match. Confirm it is the same body before doing anything; if not, treat as 'create or drop'.","0","0","0","0","0","0","Finance & Regulation","","rectvY65lAl8tfQm5"
"Office of Fair Housing and Equal Opportunity","","Check the candidate","Possible","Fair Housing and Equal Opportunity","Department of Housing and Urban Development","","91% of words in common - NOT confirmed, check before acting","A Salesforce Account has a similar name but this is a guess, not a match. Confirm it is the same body before doing anything; if not, treat as 'create or drop'.","0","0","0","0","0","0","Infrastructure","","recePVH6YRPZUtNjW"
"Office of General Counsel","Environmental Protection Agency","Same name already taken","High","Office of the General Counsel","U.S. Department of Agriculture","Office of the General Counsel","Same name, different punctuation or abbreviation","The Salesforce Account is already matched to the Airtable row 'Office of the General Counsel'. If that is the same organisation, merge these two Airtable rows. If this is a genuinely different office, it needs its own Salesforce Account.","0","0","0","0","0","0","Finance & Regulation","","rec7Y0rQUgcxt3MaP"
"Office of Hearings and Appeals","Department of Agriculture","Check the candidate","Possible","Office of Hearings and Appeals - USDA","U.S. Department of Agriculture","","89% of words in common - NOT confirmed, check before acting","A Salesforce Account has a similar name but this is a guess, not a match. Confirm it is the same body before doing anything; if not, treat as 'create or drop'.","0","0","0","0","0","0","Infrastructure","","reczWl2eLLsX6wiQT"
"Office of Legislative Affairs","Department of Justice","Check the candidate","Possible","Office of Legislative Affairs - USDT","Department of Treasury","","86% of words in common - NOT confirmed, check before acting","A Salesforce Account has a similar name but this is a guess, not a match. Confirm it is the same body before doing anything; if not, treat as 'create or drop'.","0","0","0","0","0","0","Defense","","rechE6ICdzx1Go3my"
"Office of Partnership and Public Engagement","Department of Agriculture","Check the candidate","Possible","Office of Partnership and Engagement","Department of Homeland Security","","89% of words in common - NOT confirmed, check before acting","A Salesforce Account has a similar name but this is a guess, not a match. Confirm it is the same body before doing anything; if not, treat as 'create or drop'.","0","0","0","0","0","0","Infrastructure","","recuacVhzcwbsLY7p"
"Office of Secretary","Department of State","Same name already taken","High","Office of the Secretary","Department of Commerce","Office Of The Secretary","Same name, different punctuation or abbreviation","The Salesforce Account is already matched to the Airtable row 'Office Of The Secretary'. If that is the same organisation, merge these two Airtable rows. If this is a genuinely different office, it needs its own Salesforce Account.","0","0","0","0","0","0","Defense","","rectgYLhIB07cBFXC"
"Office of Small and Disadvantaged Business Utilization","Office of Personnel Management","Check the candidate","Possible","Office of Small and Disadvantaged Business Utilization - VA","Department of Veterans Affairs","","100% of words in common - NOT confirmed, check before acting","A Salesforce Account has a similar name but this is a guess, not a match. Confirm it is the same body before doing anything; if not, treat as 'create or drop'.","0","0","0","0","0","0","Finance & Regulation","","recZ5rsDv207R7l0D"
"Office of the Assistant Secretary for Health (OASH)","Department of Health and Human Services","Check the candidate","Possible","Office of the Assistant Secretary for Health","Department of Health and Human Services","","91% of words in common - NOT confirmed, check before acting","A Salesforce Account has a similar name but this is a guess, not a match. Confirm it is the same body before doing anything; if not, treat as 'create or drop'.","0","0","0","0","0","0","Benefits","","recP7rOdJbxSqq54F"
"Office of the Chief Financial Officer","General Services Administration","Check the candidate","Possible","Office of the Chief Financial Officer - NRC","Nuclear Regulatory Commission","","89% of words in common - NOT confirmed, check before acting","A Salesforce Account has a similar name but this is a guess, not a match. Confirm it is the same body before doing anything; if not, treat as 'create or drop'.","0","0","0","0","0","0","Infrastructure","","reclWSOH6OrRvwwor"
"Office of the Chief Human Capital Officer","Nuclear Regulatory Commission","Check the candidate","Possible","Office of the Chief Human Capital Officer - NRC","Nuclear Regulatory Commission","","91% of words in common - NOT confirmed, check before acting","A Salesforce Account has a similar name but this is a guess, not a match. Confirm it is the same body before doing anything; if not, treat as 'create or drop'.","0","0","0","0","0","0","Infrastructure","","rec4OEIpLmVkBtRAL"
"Office of the Counselor","Department of State","Check the candidate","Possible","Counselor","Department of State","","67% of words in common - NOT confirmed, check before acting","A Salesforce Account has a similar name but this is a guess, not a match. Confirm it is the same body before doing anything; if not, treat as 'create or drop'.","0","0","0","0","0","0","Defense","","recvffsfi2qJRZipS"
"Office of the Inspector General for Tax Administration","Department of the Treasury","Check the candidate","Possible","Treasury Inspector General for Tax Administration","Department of Treasury","","83% of words in common - NOT confirmed, check before acting","A Salesforce Account has a similar name but this is a guess, not a match. Confirm it is the same body before doing anything; if not, treat as 'create or drop'.","0","0","0","0","0","0","Finance & Regulation","","recHWe4MNSQD5CZJC"
"Office of the Secretary","Department of Labor","Same name already taken","High","Office of the Secretary","Department of Commerce","Office Of The Secretary","Same name, different punctuation or abbreviation","The Salesforce Account is already matched to the Airtable row 'Office Of The Secretary'. If that is the same organisation, merge these two Airtable rows. If this is a genuinely different office, it needs its own Salesforce Account.","0","0","0","0","0","0","Benefits","","recZ83VX9A77iNN2V"
"Office of the Solicitor","Department of Labor","Check the candidate","Possible","Office of the Solicitor General","Department of Justice","Office of The Solicitor General","80% of words in common - NOT confirmed, check before acting","A Salesforce Account has a similar name but this is a guess, not a match. Confirm it is the same body before doing anything; if not, treat as 'create or drop'. (That candidate is already matched to 'Office of The Solicitor General'.)","0","0","0","0","0","0","Benefits","","recGmLkPOMUcvVQEi"
"Office of the United States Attorneys","Department of Justice","Check the candidate","Possible","U.S. Attorneys","Department of Justice","","86% of words in common - NOT confirmed, check before acting","A Salesforce Account has a similar name but this is a guess, not a match. Confirm it is the same body before doing anything; if not, treat as 'create or drop'.","0","0","0","0","0","0","Defense","","rec5Mp68UfvKGZyVn"
"Office of Worker Compensation Programs","","Check the candidate","Possible","Office of Workers' Compensation Programs","Department of Labor","Office of Workers' Compensation Programs","75% of words in common - NOT confirmed, check before acting","A Salesforce Account has a similar name but this is a guess, not a match. Confirm it is the same body before doing anything; if not, treat as 'create or drop'. (That candidate is already matched to 'Office of Workers' Compensation Programs'.)","0","0","0","0","0","0","Benefits","","recFi0g3iqmmI4rsY"
"Online Services","","Create or drop","","","","","","No Salesforce Account resembles this name. Either an Account needs creating, or confirm this row can stay unmigrated.","0","0","0","0","0","0","Infrastructure","","reccKm7VHMAv7UpZV"
"Senate","Congress","Create or drop","","","","","","No Salesforce Account resembles this name. Either an Account needs creating, or confirm this row can stay unmigrated.","0","0","0","0","0","0","Infrastructure","","rec8IktOJbrgTaTig"
"Trade and Foreign Agricultural Affairs","Department of Agriculture","Check the candidate","Possible","Under Secretary for Trade and Foreign Agricultural Affairs","U.S. Department of Agriculture","Under Secretary for Trade and Foreign Agricultural Affairs","77% of words in common - NOT confirmed, check before acting","A Salesforce Account has a similar name but this is a guess, not a match. Confirm it is the same body before doing anything; if not, treat as 'create or drop'. (That candidate is already matched to 'Under Secretary for Trade and Foreign Agricultural Affairs'.)","0","0","0","0","0","0","Infrastructure","","rec8cRyGVGuIcWaHT"
"U.S. Census Bureau","","Check the candidate","Possible","Bureau of the Census","Office of the Under Secretary for Economic Affairs","Bureau of the Census","67% of words in common - NOT confirmed, check before acting","A Salesforce Account has a similar name but this is a guess, not a match. Confirm it is the same body before doing anything; if not, treat as 'create or drop'. (That candidate is already matched to 'Bureau of the Census'.)","0","0","0","0","0","0","Infrastructure","","recEMxNvBh96rs9VA"
"U.S. Chemical Safety Board","","Check the candidate","Possible","U.S. Chemical Safety And Hazard Investigation Board","(none)","","77% of words in common - NOT confirmed, check before acting","A Salesforce Account has a similar name but this is a guess, not a match. Confirm it is the same body before doing anything; if not, treat as 'create or drop'.","0","0","0","0","0","0","Infrastructure","","recAdhzidzJoUOeLj"
"U.S. Citizenship and Information Services","","Check the candidate","Possible","U.S. Citizenship And Immigration Services","Department of Homeland Security","U.S. Citizenship And Immigration Services","83% of words in common - NOT confirmed, check before acting","A Salesforce Account has a similar name but this is a guess, not a match. Confirm it is the same body before doing anything; if not, treat as 'create or drop'. (That candidate is already matched to 'U.S. Citizenship And Immigration Services'.)","0","0","0","0","0","0","Defense","","recl7z1nWFC5ArpTE"
"U.S. Institute for Environmental Conflict Resolution","Udall Foundation","Create or drop","","","","","","No Salesforce Account resembles this name. Either an Account needs creating, or confirm this row can stay unmigrated.","0","0","0","0","0","0","Infrastructure","","recqwxkc8cXrUIW8w"
"U.S. Trustee Program","Department of Justice","Create or drop","","","","","","No Salesforce Account resembles this name. Either an Account needs creating, or confirm this row can stay unmigrated.","0","0","0","0","0","0","Defense","","recnHf8YgdcvHgECB"
"Under Secretary for Civilian Security","","Check the candidate","Possible","Under Secretary for Nuclear Security","Department of Energy","Under Secretary for Nuclear Security","80% of words in common - NOT confirmed, check before acting","A Salesforce Account has a similar name but this is a guess, not a match. Confirm it is the same body before doing anything; if not, treat as 'create or drop'. (That candidate is already matched to 'Under Secretary for Nuclear Security'.)","0","0","0","0","0","0","Defense","","recRUUclzfaGB7JEK"
"Under Secretary for Economic Growth","","Check the candidate","Possible","Under Secretary for Economic Growth, Energy, and Environment","Department of State","","77% of words in common - NOT confirmed, check before acting","A Salesforce Account has a similar name but this is a guess, not a match. Confirm it is the same body before doing anything; if not, treat as 'create or drop'.","0","0","0","0","0","0","Defense","","recM6puEn2gHlabMn"
"Under Secretary for Food","","Check the candidate","Possible","Under Secretary for Food Safety","U.S. Department of Agriculture","Under Secretary for Food Safety","89% of words in common - NOT confirmed, check before acting","A Salesforce Account has a similar name but this is a guess, not a match. Confirm it is the same body before doing anything; if not, treat as 'create or drop'. (That candidate is already matched to 'Under Secretary for Food Safety'.)","0","0","0","0","0","0","Infrastructure","","recnEpaMZuHnZBAn0"
"Under Secretary for Research","","Check the candidate","Possible","Under Secretary for Management","Department of State","Under Secretary for Management","75% of words in common - NOT confirmed, check before acting","A Salesforce Account has a similar name but this is a guess, not a match. Confirm it is the same body before doing anything; if not, treat as 'create or drop'. (That candidate is already matched to 'Under Secretary for Management'.)","0","0","0","0","0","0","Infrastructure","","rec7ueMmx55KbN588"
"Under Secretary of Defense Intelligence","Department of Defense","Check the candidate","Possible","Under Secretary of Defense Intelligence and Security","Department of Defense","","80% of words in common - NOT confirmed, check before acting","A Salesforce Account has a similar name but this is a guess, not a match. Confirm it is the same body before doing anything; if not, treat as 'create or drop'.","0","0","0","0","0","0","Defense","","recxRtAJUNBkPpRGe"
"United States Bankruptcy Court","Federal Judiciary","Check the candidate","Possible","U.S. Supreme Court","(none)","U.S. Supreme Court","75% of words in common - NOT confirmed, check before acting","A Salesforce Account has a similar name but this is a guess, not a match. Confirm it is the same body before doing anything; if not, treat as 'create or drop'. (That candidate is already matched to 'U.S. Supreme Court'.)","0","0","0","0","0","0","Finance & Regulation","","recyJiJAVMg2DC1WD"
"United States Mint","Department of the Treasury","Align the names","High","U.S Mint","Department of Treasury","","Same name, different punctuation or abbreviation","Same organisation, spelled differently, and the Salesforce Account is unclaimed. Align the two names and it will match on the next run.","0","0","0","0","0","0","Finance & Regulation","","rechhENZJ5AlI2l7a"
"United States Special Operations Command","Department of Defense","Same name already taken","High","U.S. Special Operations Command","Department of Defense","U.S. Special Operations Command","Same name, different punctuation or abbreviation","The Salesforce Account is already matched to the Airtable row 'U.S. Special Operations Command'. If that is the same organisation, merge these two Airtable rows. If this is a genuinely different office, it needs its own Salesforce Account.","0","0","0","0","0","0","Defense","","reciFAlwatUqy1Eth"
"United States Transportation Command","Department of Defense","Align the names","High","U.S. Transportation Command","Department of Defense","","Same name, different punctuation or abbreviation","Same organisation, spelled differently, and the Salesforce Account is unclaimed. Align the two names and it will match on the next run.","0","0","0","0","0","0","Defense","","recT9cpCrVMeMbsHU"
"USA.gov","","Check the candidate","Possible","U.S.Senate","U.S. Congress","","67% of words in common - NOT confirmed, check before acting","A Salesforce Account has a similar name but this is a guess, not a match. Confirm it is the same body before doing anything; if not, treat as 'create or drop'.","0","0","0","0","0","0","Infrastructure","","recH3eAn9SyWHWz5u"
"VA Office of Information and Technology (VA OIT)","VA Central Office","Check the candidate","Possible","Office of Information and Technology","Department of Veterans Affairs","","89% of words in common - NOT confirmed, check before acting","A Salesforce Account has a similar name but this is a guess, not a match. Confirm it is the same body before doing anything; if not, treat as 'create or drop'.","0","0","0","0","0","0","Defense","","rec8qv0kD0Ex7qxVN"
"Veterans' Employment and Training Service","Department of Labor","Check the candidate","Possible","Veterans' Employment and Training Services","Department of Labor","","80% of words in common - NOT confirmed, check before acting","A Salesforce Account has a similar name but this is a guess, not a match. Confirm it is the same body before doing anything; if not, treat as 'create or drop'.","0","0","0","0","0","0","Benefits","","recNX8AUljqeH21Fo"
